﻿Bird,Song,Block,Time,Played
CB7,BDY,1,6:30 AM,0
CB7,DMG,1,8:00 AM,0
CB7,BDY-,1,9:30 AM,0
CB7,LB,1,11:00 AM,0
CB7,LB-,1,12:30 PM,0
CB7,BOD,1,2:00 PM,0
CB7,BDY,2,3:30 PM,0
CB7,BOD,2,5:00 PM,0
CB7,BDY-,2,6:30 AM,0
CB7,LB-,2,8:00 AM,0
CB7,LB,2,9:30 AM,0
CB7,DMG,2,11:00 AM,0
CB7,DMG,3,12:30 PM,0
CB7,BOD,3,2:00 PM,0
CB7,BDY,3,3:30 PM,0
CB7,BDY-,3,5:00 PM,0
CB7,LB-,3,6:30 AM,0
CB7,LB,3,8:00 AM,0
CB7,LB,4,9:30 AM,0
CB7,BDY-,4,11:00 AM,0
CB7,DMG,4,12:30 PM,0
CB7,BDY,4,2:00 PM,0
CB7,LB-,4,3:30 PM,0
CB7,BOD,4,5:00 PM,0
CB7,BDY-,5,6:30 AM,0
CB7,BOD,5,8:00 AM,0
CB7,BDY,5,9:30 AM,0
CB7,LB-,5,11:00 AM,0
CB7,LB,5,12:30 PM,0
CB7,DMG,5,2:00 PM,0
CB7,DMG,6,3:30 PM,0
CB7,BDY-,6,5:00 PM,0
CB7,LB,6,6:30 AM,0
CB7,BOD,6,8:00 AM,0
CB7,BDY,6,9:30 AM,0
CB7,LB-,6,11:00 AM,0
CB7,LB,7,12:30 PM,0
CB7,BOD,7,2:00 PM,0
CB7,DMG,7,3:30 PM,0
CB7,BDY-,7,5:00 PM,0
CB7,BDY,7,6:30 AM,0
CB7,LB-,7,8:00 AM,0
CB7,DMG,8,9:30 AM,0
CB7,BDY,8,11:00 AM,0
CB7,BDY-,8,12:30 PM,0
CB7,BOD,8,2:00 PM,0
CB7,LB,8,3:30 PM,0
CB7,LB-,8,5:00 PM,0
CB7,BDY,9,6:30 AM,0
CB7,BOD,9,8:00 AM,0
CB7,DMG,9,9:30 AM,0
CB7,BDY-,9,11:00 AM,0
CB7,LB-,9,12:30 PM,0
CB7,LB,9,2:00 PM,0
CB7,BOD,10,3:30 PM,0
CB7,BDY,10,5:00 PM,0
CB7,LB-,10,6:30 AM,0
CB7,LB,10,8:00 AM,0
CB7,DMG,10,9:30 AM,0
CB7,BDY-,10,11:00 AM,0
CB7,DMG,11,12:30 PM,0
CB7,LB,11,2:00 PM,0
CB7,BDY,11,3:30 PM,0
CB7,BOD,11,5:00 PM,0
CB7,BDY-,11,6:30 AM,0
CB7,LB-,11,8:00 AM,0
CB7,BDY-,12,9:30 AM,0
CB7,DMG,12,11:00 AM,0
CB7,LB-,12,12:30 PM,0
CB7,BDY,12,2:00 PM,0
CB7,LB,12,3:30 PM,0
CB7,BOD,12,5:00 PM,0
CB7,DMG,13,6:30 AM,0
CB7,BOD,13,8:00 AM,0
CB7,BDY-,13,9:30 AM,0
CB7,LB,13,11:00 AM,0
CB7,LB-,13,12:30 PM,0
CB7,BDY,13,2:00 PM,0
CB7,LB,14,3:30 PM,0
CB7,BDY-,14,5:00 PM,0
CB7,LB-,14,6:30 AM,0
CB7,BOD,14,8:00 AM,0
CB7,DMG,14,9:30 AM,0
CB7,BDY,14,11:00 AM,0
CB7,LB,15,12:30 PM,0
CB7,BDY,15,2:00 PM,0
CB7,BOD,15,3:30 PM,0
CB7,BDY-,15,5:00 PM,0
CB7,LB-,15,6:30 AM,0
CB7,DMG,15,8:00 AM,0
CB7,DMG,16,9:30 AM,0
CB7,BOD,16,11:00 AM,0
CB7,LB,16,12:30 PM,0
CB7,BDY-,16,2:00 PM,0
CB7,LB-,16,3:30 PM,0
CB7,BDY,16,5:00 PM,0
